19039346,20081221,article,NULL,NULL,NULL,NULL,NULL,NULL,Generation of the organo-rare gas dications HCCRg2+ (Rg = Ar and Kr) in the reaction of acetylene dications with rare gases.,"Using doubly ionized acetylene as a superelectrophilic reagent, the new rare-gas compounds HCCAr2+ and HCCKr2+ have been prepared for the first time in hyperthermal collisions of mass-selected C2H2(2+) with neutral rare gases (Rg). However, electron transfer from the rare gas to the acetylene dication as well as proton transfer from C2H2(2+) to the rare gas efficiently compete with formation of HCCRg2+. The computational investigations show that the formation of HCCRg2+ from acetylene dication is endothermi",Physical chemistry chemical physics : PCCP,"Daniela Ascenzi, Paolo Tosi, Jana Roithová, Claire L Ricketts, Detlef Schröder, Jessica F Lockyear, Michael A Parkes, Stephen D Price"," Department of Physics, University of Trento, Via Sommarive 14, 38100 Povo, Trento, Italy. ascenzi@science.unitn.it",2008 Dec;10(47):7121-8,10.1039/b810398d
19136259,20090201,article,"xref,mesh,assay","Acetylene,Alkynes,Animals,Anti-Inflammatory Agents, Non-Steroidal,Chemistry, Pharmaceutical,Cyclooxygenase 1,Cyclooxygenase 2,Cyclooxygenase Inhibitors,Drug Design,Ibuprofen,Inflammation,Inhibitory Concentration 50,Isoenzymes,Lipoxygenase Inhibitors,Models, Chemical,Pyridones,Rats","analogs &amp; derivatives,chemical synthesis,chemistry,drug therapy,metabolism,methods,pharmacology","D000894 Q000494 NN,D051546 Q000378 NN,D000114 Q000138 NY,D016861 Q000494 NN,D002626 Q000379 NY,D051545 Q000378 NN,D000114 Q000031 NY,D007052 Q000494 NN,D007249 Q000188 NY,D011728 Q000138 NY,D007052 Q000737 NN,D000480 Q000737 NY,D000480 Q000138 NN","2244,2518,2662,3672,6326,689043,23054858,44570751,44570752,44570789,44570790","128048219,128994255,247675290","Synthesis of 1-(methanesulfonyl- and aminosulfonylphenyl)acetylenes that possess a 2-(N-difluoromethyl-1,2-dihydropyridin-2-one) pharmacophore: evaluation as dual inhibitors of cyclooxygenases and 5-lipoxygenase with anti-inflammatory activity.","A hitherto unknown class of linear acetylene regioisomers were designed such that a SO(2)Me or SO(2)NH(2) group was located at the ortho-, meta- or para-position of the acetylene C-1 phenyl ring, and a N-difluoromethyl-1,2-dihydropyridin-2-one moiety was attached via its C-5 position to the C-2 position on an acetylene template (scaffold). All three SO(2)Me regioisomers, and the 4-SO(2)NH(2) analog, were potent inhibitors of 5-lipoxygenase (5-LOX IC(50)=3.2-3.5 microM range) relative to the reference drug c",Bioorganic & medicinal chemistry letters,"Morshed Alam Chowdhury, Khaled R A Abdellatif, Ying Dong, Moshfiqur Rahman, Dipankar Das, Mavanur R Suresh, Edward E Knaus"," Faculty of Pharmacy and Pharmaceutical Sciences, University of Alberta, Edmonton, Alta., Canada T6G 2N8.",2009 Feb;19(3):584-8,10.1016/j.bmcl.2008.12.066
22513709,20120607,article,NULL,NULL,NULL,NULL,NULL,NULL,Electrophilic alkynylation: the dark side of acetylene chemistry.,"In addition to the well-established nucleophilic alkynylation, the use of electrophilic alkynes can expand tremendously the scope of acetylene transfer reactions. The use of metal catalysis has recently led to a rebirth of this research area. Halogenoalkynes, hypervalent alkynyliodoniums, acetylene sulfones and in situ oxidized terminal acetylenes are the most often used reagents for electrophilic alkynylation. Heteroatoms such as N, O, S and P can be now efficiently alkynylated. For C-C bond formation, ele",Chemical Society reviews,"Jonathan P Brand, Jérôme Waser"," Laboratory of Catalysis and Organic Synthesis, Ecole Polytechnique Fédérale de Lausanne, EPFL SB ISIC LCSO, BCH 4306, 1015 Lausanne (CH), Switzerland.",2012 Jun;41(11):4165-79,10.1039/c2cs35034c
12583724,20030220,article,"xref,mesh","Acetylene,Models, Molecular,Molecular Structure,Nucleosides,Ribose","chemical synthesis,chemistry","D000114 Q000737 NY,D012266 Q000737 NY,D009705 Q000138 NY","6326,9997,136381,5311110,9996708,10975657","127867997,127993693,128080983,129182355",Synthesis of nucleoside dimers bridged on ribose with a butadiynyl group.,[reaction: see text] The nucleoside dimer linked by a butadiynediyl group at C-3'beta may serve as a building block for the preparation of backbone-modified oligonucleotides for DNA repair or mutation in functional genomics. We prepared this type of dimer by an Eglington or Sonogashira coupling reaction. The unsymmetrical dimer was synthesized by coupling the acetylene with the bromoacetylene. Only marginal cytotoxicity was detected for one of the dimers. ,Organic letters,"Françoise Jung, Alain Burger, Jean-François Biellmann"," Laboratoire de Chimie Organique Biologique associé au CNRS (UMR 7509), Faculté de Chimie, Université Louis Pasteur, 1 rue Blaise Pascal, 67008 Strasbourg, France.",2003 Feb;5(4):383-5,10.1021/ol026584m
16220963,20030917,article,xref,NULL,NULL,NULL,241,127631469,Reaction of phenyl radicals with acetylene: quantum chemical investigation of the mechanism and master equation analysis of the kinetics.,The mechanism of the C(6)H(5) + C(2)H(2) reaction has been investigated by various quantum chemical methods. Electrophilic addition to the CC triple bond is found to be the only important mode of phenyl radical attack on acetylene. The initially formed chemically activated C(6)H(5)C(2)H(2) adducts may follow several isomerization pathways in competition with collisional stabilization and H-elimination. Thermochemistry of various decomposition and isomerization channels is evaluated by the G2M method. For ke,Journal of the American Chemical Society,"I V Tokmakov, M C Lin"," Department of Chemistry, Emory University, Atlanta, Georgia 30322, USA.",2003 Sep;125(37):11397-408,10.1021/ja0301121
16697988,20060724,article,"xref,mesh","Acetylene,Galectin 1,Lactose,Triazoles","analogs &amp; derivatives,antagonists &amp; inhibitors,chemical synthesis","D000114 Q000031 NN,D014230 Q000138 NN,D000114 Q000138 NN,D007785 Q000138 NY,D037483 Q000037 NY,D007785 Q000031 NY","1001,6134,6140,6326,79118,84571,440995,69301022","127515599,127654813,128006250,128436767","Synthesis of multivalent lactose derivatives by 1,3-dipolar cycloadditions: selective galectin-1 inhibition.","Acetylene derivatives of phenylalanine, phenethylamine and the multifunctional unnatural amino acids, phenyl-bis-alanine and phenyl-tris-alanine, were synthesized and functionalized with 2-azidoethyl beta-D-galactopyranosyl-(1-->4)-beta-D-glucopyranoside via regioselective copper(I)-mediated 1,3-dipolar cycloaddition to give a panel of mono-, di- and trivalent lactoside derivatives. Evaluation of the compounds as inhibitors against the tumour- and inflammation-related galectin-1, -3, -4N, -4C, -4, -7, -8N a",Carbohydrate research,"Johan Tejler, Erik Tullberg, Torbjörn Frejd, Hakon Leffler, Ulf J Nilsson"," Organic Chemistry, Lund University, PO Box 124, SE-221 00 Lund, Sweden.",2006 Jul;341(10):1353-62,10.1016/j.carres.2006.04.028
19524443,20090715,article,"xref,mesh,assay","Acetylene,Animals,Anti-Inflammatory Agents,Chemical and Drug Induced Liver Injury,Edema,Enzymes,Inflammation,Male,Mice,Oleanolic Acid","analogs &amp; derivatives,blood,chemical synthesis,chemically induced,chemistry,drug therapy,therapeutic use","D007249 Q000188 NN,D009828 Q000031 NY,D009828 Q000737 NN,D000114 Q000737 NY,D009828 Q000138 NN,D004798 Q000097 NN,D007249 Q000139 NN,D000114 Q000138 NN,D004487 Q000188 NN,D000114 Q000627 NY,D000893 Q000737 NY,D056486 Q000188 NY,D000893 Q000138 NN,D004487 Q000139 NN,D009828 Q000627 NN,D000893 Q000627 NY","471,3715,6326,10494,122844,45484343,45484344,45484345,101710279",128600272,Efficient synthesis of the first betulonic acid-acetylene hybrids and their hepatoprotective and anti-inflammatory activity.,"The Sonogashira reaction can be applied for the preparation of acetylenic derivatives of betulonic acid where the triterpenoid moiety can serve as either the halo- or the acetylenic component. This reaction opened access to the first derivatives of betulonic acid containing either the arylethynyl (C[triple bond]C-Ar(Het) or the ethynyl (C[triple bond]CH) moieties. From the fundamental perspective, this work illustrates the possibility of selective Pd-catalyzed cross-coupling at terminal acetylenes in the pr",Bioorganic & medicinal chemistry,"Sergey F Vasilevsky, Anastasiya I Govdi, El'vira E Shults, Makhmut M Shakirov, Irina V Sorokina, Tatyana G Tolstikova, Dmitry S Baev, Genrikh A Tolstikov, Igor V Alabugin"," Institute of Chemical Kinetics and Combustion, Siberian Branch of the Russian Academy of Sciences, 3 Institutskaya str., 630090 Novosibirsk, Russian Federation. vasilev@kinetics.nsc.ru",2009 Jul;17(14):5164-9,10.1016/j.bmc.2009.05.059
20814583,20100101,article,xref,NULL,NULL,NULL,"241,702,767,866,5962,6049,36462,136323,87503313","127410349,127573844,128364298,128368393,128368395,128482492,128913688,135867281,247232900",Intracellular DNA damage by lysine-acetylene conjugates.,"Previously, we reported the design and properties of alkyne C-lysine conjugates, a powerful and tunable family of DNA cleaving reagents. We also reported that, upon photoactivation, these molecules are capable of inducing cancer cells death. To prove that the cell death stems from DNA cleavage by the conjugates, we investigated intracellular DNA damage induced by these molecules in LNCap cancer cells using single cell gel electrophoresis (SCGE) assays. The observation of highly efficient DNA damage confirme",Journal of nucleic acids,"Wang-Yong Yang, Qiang Cao, Catherine Callahan, Catalina Galvis, Qing-Xiang Sang, Igor V Alabugin"," Department of Chemistry and Biochemistry, Florida State University, Tallahassee, FL 32306-4390, USA.",2010 Jan;2010(?):?,10.4061/2010/931394
3548814,19870113,article,mesh,"Alkynes,Animals,Cattle,Endopeptidases,Humans,Kinetics,Lactones,Leukocytes,Pancreas,Pancreatic Elastase,Protease Inhibitors,Serine Endopeptidases,Sputum,Structure-Activity Relationship,Swine","antagonists &amp; inhibitors,blood,chemical synthesis,enzymology,pharmacology","D007783 Q000494 NY,D007962 Q000201 NY,D010179 Q000201 NN,D007783 Q000138 NN,D000480 Q000494 NN,D010196 Q000097 NY,D013183 Q000201 NN,D010196 Q000037 NN,D000480 Q000138 NN",NULL,NULL,Kinetics and mechanism of human leukocyte elastase inactivation by ynenol lactones.,"Human leukocyte elastase (HLE), a serine protease involved in inflammation and tissue degradation, can be irreversibly inactivated in a time- and concentration-dependent manner by ynenol lactones. Ynenol lactones that are alpha-unsubstituted do not inactivate but are alternate substrate inhibitors that are hydrolyzed by the enzyme. Ynenol lactones that are both substituted alpha to to the lactone carbonyl and unsubstituted at the acetylene terminus are rapid inactivators of HLE and inactivate pancreatic ela",Biochemistry,"L J Copp, A Krantz, R W Spencer",NULL,1987 Jan;26(1):169-78,10.1021/bi00375a024
15898797,20050525,article,xref,NULL,NULL,NULL,23396783,"127350601,135727945",Facile preparation of various heteroaromatic compounds via azatitanacyclopentadiene intermediates.,"Coupling of acetylene, nitrile, and a titanium reagent, Ti(O-i-Pr)(4)/2 i-PrMgCl, generated new azatitanacyclopentadienes in a highly regioselective manner. Their subsequent reaction with sulfonylacetylene afforded pyridyltitanium compounds, which, upon reaction with electrophiles, gave substituted pyridines virtually as a single isomer. When optically active nitriles were used in this reaction, chiral pyridines were obtained without loss of the enantiopurity. Alternatively, the azatitanacyclopentadiene pre",Journal of the American Chemical Society,"Daisuke Suzuki, Youhei Nobe, Yuko Watai, Ryoichi Tanaka, Yuuki Takayama, Fumie Sato, Hirokazu Urabe"," Department of Biomolecular Engineering, Graduate School of Bioscience and Biotechnology, Tokyo Institute of Technology, Midori-ku, Yokohama, Kanagawa, Japan.",2005 May;127(20):7474-9,10.1021/ja0502730
28415011,20170707,article,mesh,"Adenosine A2 Receptor Antagonists,Animals,Asthma,Dogs,Drug Design,Hep G2 Cells,Humans,Madin Darby Canine Kidney Cells,Mice,Mice, Inbred C57BL,Microsomes, Liver,Molecular Docking Simulation,Ovalbumin,Rats,Receptor, Adenosine A2B,Xanthine","chemically induced,chemistry,drug therapy,metabolism,pharmacokinetics,therapeutic use","D019820 Q000378 NN,D001249 Q000139 NN,D058917 Q000737 NY,D058917 Q000493 NN,D019820 Q000627 NY,D008862 Q000378 NN,D058917 Q000378 NN,D001249 Q000188 NY,D019820 Q000737 NY,D058917 Q000627 NY,D043704 Q000378 NY,D019820 Q000493 NN,D001249 Q000378 NN,D043704 Q000737 NN","1188,5289086",NULL,Design and synthesis of novel xanthine derivatives as potent and selective A(2B) adenosine receptor antagonists for the treatment of chronic inflammatory airway diseases.,"Adenosine induces bronchial hyperresponsiveness and inflammation in asthmatics through activation of A(2B) adenosine receptor (A(2B)AdoR). Selective antagonists have been shown to attenuate airway reactivity and improve inflammatory conditions in pre-clinical studies. Hence, the identification of novel, potent and selective A(2B)AdoR antagonist may be beneficial for the potential treatment of asthma and Chronic Obstructive Pulmonary Disease (COPD). Towards this effort, we explored several prop-2-ynylated C8",European journal of medicinal chemistry,"Sujay Basu, Dinesh A Barawkar, Vidya Ramdas, Meena Patel, Yogesh Waman, Anil Panmand, Santosh Kumar, Sachin Thorat, Minakshi Naykodi, Arnab Goswami, B Srinivasa Reddy, Vandna Prasad, Sandhya Chaturvedi, Azfar Quraishi, Suraj Menon, Shalini Paliwal, Abhay Kulkarni, Vikas Karande, Indraneel Ghosh, Syed Mustafa, Siddhartha De, Vaibhav Jain, Ena Ray Banerjee, Sreekanth R Rouduri, Venkata P Palle, Anita Chugh, Kasim A Mookhtiar"," Advinus Therapeutics Ltd., Drug Discovery Facility, Quantum Towers, Plot-9, Phase-I, Rajiv Gandhi Infotech Park, Hinjawadi, Pune 411 057, India. Electronic address: sujay.basu@advinus.com. Advinus Therapeutics Ltd., Drug Discovery Facility, Quantum Towers, Plot-9, Phase-I, Rajiv Gandhi Infotech Park, Hinjawadi, Pune 411 057, India. Advinus Therapeutics Ltd., Drug Discovery Facility, Quantum Towers, Plot-9, Phase-I, Rajiv Gandhi Infotech Park, Hinjawadi, Pune 411 057, India. Advinus Therapeutics Ltd., Drug ",2017 Jul;134(?):218-229,10.1016/j.ejmech.2017.04.014
8160192,19940311,article,mesh,"Acetylene,Animals,Bromates,Carcinogens,Cell Nucleus,DNA Damage,DNA-Directed DNA Polymerase,Dimethylnitrosamine,Ferric Compounds,Kidney Cortex,Male,Methylnitrosourea,Nitrilotriacetic Acid,Poly Adenosine Diphosphate Ribose,Poly(ADP-ribose) Polymerases,Rats,Rats, Wistar,Trichloroethylene","analogs &amp; derivatives,drug effects,enzymology,metabolism,toxicity,ultrastructure","D004128 Q000633 NN,D014241 Q000633 NY,D004259 Q000378 NN,D011064 Q000378 NY,D005290 Q000633 NN,D002273 Q000633 NY,D009571 Q000031 NN,D007672 Q000187 NY,D011065 Q000378 NY,D007672 Q000648 NN,D002467 Q000187 NN,D000114 Q000031 NY,D008770 Q000633 NN,D001959 Q000633 NN,D000114 Q000633 NN,D002467 Q000201 NN,D009571 Q000633 NN","6124,6326,6575,8758,12699,21152,24227,27880,62731,84979,23673461,129676343",NULL,Induction of poly(ADP-ribosyl)ation in the kidney after in vivo application of renal carcinogens.,"Dichlorovinylcysteine, the key metabolite thought to be responsible for the nephrocarcinogenicity of trichloroethene and dichloroacetylene, induces DNA double-strand breaks followed by increased poly(ADP-ribosyl)ation of nuclear proteins in cultured renal cells (Vamvakas et al., 1992, Biochem. Pharmacol. 44, 1131-1138). Poly(ADP-ribosyl)ation represents a post-translational modification of nuclear proteins involved in DNA repair, DNA replication, and modulation of gene expression. The present study investig",Toxicology,"J McLaren, T Boulikas, S Vamvakas"," Institut für Toxikologie, Universität Würzburg, Germany.",1994 Mar;88(?):101-12,10.1016/0300-483x(94)90113-9
8681403,19960401,article,mesh,"Acetylene,Animals,Cell Adhesion,Humans,Immunosuppressive Agents,In Vitro Techniques,Magnetic Resonance Spectroscopy,Neutrophils,Porifera,Spectrometry, Mass, Fast Atom Bombardment","analogs &amp; derivatives,chemistry,drug effects,isolation &amp; purification,pharmacology","D009504 Q000187 NN,D002448 Q000187 NN,D000114 Q000302 NY,D000114 Q000494 NN,D000114 Q000031 NY,D011161 Q000737 NY,D007166 Q000494 NN,D007166 Q000302 NY",6326,NULL,"Marine natural products. XXXVI. Biologically active polyacetylenes, adociacetylenes A, B, C, and D, from an Okinawan Marine sponge of Adocia sp.","Adociacetylenes A (1), B (2), C (3), and D (4) were isolated as new polyacetylenes from an Okinawan marine sponge of Adocia sp. Their chemical structures have been elucidated on the bases of their chemical and physicochemical properties. Adociacetylenes A (1), C (3), and D (4) exhibited inhibitory activity in the in vitro endothelial cell-neutrophil leukocyte adhesion assay. ",Chemical & pharmaceutical bulletin,"M Kobayashi, T Mahmud, H Tajima, W Wang, S Aoki, S Nakagawa, T Mayumi, I Kitagawa"," Faculty of Pharmaceutical Sciences, Osaka University, Japan.",1996 Apr;44(4):720-4,10.1248/cpb.44.720
10437654,19990601,article,mesh,"Acetylene,Animals,Anti-Inflammatory Agents, Non-Steroidal,Asteraceae,Humans,Immunosuppressive Agents,In Vitro Techniques,Inflammation,Lymphocyte Activation,Methanol,Mice,Mice, Inbred BALB C,Mice, Inbred C57BL,Plant Extracts,Polyacetylenes,Polymers","analogs &amp; derivatives,drug effects,drug therapy,isolation &amp; purification,pathology,pharmacology","D007249 Q000188 NN,D007166 Q000494 NY,D000114 Q000031 NN,D010936 Q000302 NN,D011108 Q000302 NN,D000894 Q000494 NY,D000114 Q000494 NN,D011108 Q000494 NN,D008213 Q000187 NN,D010936 Q000494 NY,D000894 Q000302 NN,D007166 Q000302 NN,D007249 Q000473 NN,D000114 Q000302 NN","887,6326,10942334",NULL,Immunosuppressive and anti-inflammatory effects of methanolic extract and the polyacetylene isolated from Bidens pilosa L.,"The immunomodulatory effect of the methanolic extract obtained from dried leaves of Bidens pilosa L. (Asteraceae) and the polyacetylene 2-O-beta-D-glucosyltrideca-11 E-en-3,5,7,9-tetrayn-1,2-diol (PA-1) isolated from it was investigated. The extract inhibited the proliferative response in two in vitro models: human lymphocytes stimulated by 5 microg ml(-1) phytohemagglutinin (PHA) or to 100 nM 12-O-tetradecanoyl phorbol-13-acetate (TPA) plus 0.15 microM ionomycin and murine lymphocytes stimulated by 5 micro",Immunopharmacology,"R L Pereira, T Ibrahim, L Lucchetti, A J da Silva, V L Gonçalves de Moraes"," Depto. de Bioquímica Médica, ICB, Universidade Federal do Rio de Janeiro, Brazil.",1999 Jun;43(1):31-7,10.1016/s0162-3109(99)00039-9
10814106,20000310,article,NULL,NULL,NULL,NULL,NULL,NULL,"Triphenylsilyl as a protecting group in the synthesis of 1, 12-heterodisubstituted p-carboranes.","A triphenylsilyl group is used as an auxiliary in the synthesis of heterodisubstituted p-carboranes via triphenylsilyl-p-carborane (1). The preparation of 1 is statistical, but with recovery of the starting p-carborane, the effective conversion to 1 is about 90%. Carborane 1 has been easily converted to its lithium and copper derivatives, which were reacted with a range of electrophiles including alkyl halides: an aryl iodide, an acetylene bromide, and a sulfenyl chloride. The derivatives of 1 are crystalli",The Journal of organic chemistry,"AG Douglass, S Pakhomov, B Reeves, Z Janousek, P Kaszynski"," Organic Materials Research Group, Department of Chemistry, Vanderbilt University, Nashville, Tennessee 37235, USA.",2000 Mar;65(5):1434-41,10.1021/jo991588z
11857711,20020215,article,xref,NULL,NULL,NULL,"11,10037,16028,136378,136899,15363439","127675156,127809238,128236891,128944077,129627576,129795709",Strain and reactivity: electrophilic addition of bromine and tribromide salts to cyclic allenes.,"The kinetics and the products of the bromination of several cyclic allenes, from C(9) to C(13) (1 a-e), with tetrabutylammonium tribromide (TBAT) and Br(2) have been investigated in 1,2-dichloroethane (DCE) and methanol. The first product of the interaction between the allene and Br(2) is a 1:1 pi complex. The stability constant of this complex, determined at 25 degrees C for allene 1 a, is 7.4 M(-1). The comparison of this value with those reported for several alkenes and alkynes further support the hypoth","Chemistry (Weinheim an der Bergstrasse, Germany)","Cinzia Chiappe, Antonietta De Rubertis, Heiner Detert, Dieter Lenoir, Chaitanya S Wannere, Paul von R Schleyer"," Dipartimento di Chimica Bioorganica e Biofarmacia Via Bonanno, 33, 56126 Pisa, Italy. cinziac@farm.unipi.it",2002 Feb;8(4):967-78,10.1002/1521-3765(20020215)8:4&lt;967::aid-chem967&gt;3.0.co;2-i
11895409,20020322,article,xref,NULL,NULL,NULL,2801416,129784410,"Synthesis of 2,3-disubstituted benzo[b]thiophenes via palladium-catalyzed coupling and electrophilic cyclization of terminal acetylenes.","2,3-Disubstituted benzo[b]thiophenes have been prepared in excellent yields via coupling of terminal acetylenes with commercially available o-iodothioanisole in the presence of a palladium catalyst and subsequent electrophilic cyclization of the resulting o-(1-alkynyl)thioanisole derivatives. I(2), Br(2), NBS, p-O(2)NC(6)H(4)SCl, and PhSeCl have been utilized as electrophiles. Aryl-, vinyl-, and alkyl-substituted terminal acetylenes undergo this coupling and cyclization to produce excellent yields of benzo[",The Journal of organic chemistry,"Dawei Yue, Richard C Larock"," Department of Chemistry, Iowa State University, Ames, Iowa 50011, USA.",2002 Mar;67(6):1905-9,10.1021/jo011016q
12478616,20030101,article,"xref,mesh","Acetylene,Alkynes,Analysis of Variance,Animals,Anti-Inflammatory Agents, Non-Steroidal,Cell Death,Cerebral Cortex,Culture Techniques,Cyclooxygenase 1,Cyclooxygenase 2,Cyclooxygenase 2 Inhibitors,Cyclooxygenase Inhibitors,Dizocilpine Maleate,Dose-Response Relationship, Drug,Excitatory Amino Acid Agonists,Excitatory Amino Acid Antagonists,Isoenzymes,Membrane Proteins,Mice,N-Methylaspartate,Neurons,Neuroprotective Agents,Nitrobenzenes,Polyamines,Prostaglandin-Endoperoxide Synthases,Prostaglandins,Receptors, Pr","analogs &amp; derivatives,antagonists &amp; inhibitors,cytology,drug effects,metabolism,methods,pharmacology","D016202 Q000494 NN,D013449 Q000494 NN,D009474 Q000187 NY,D018691 Q000494 NN,D018690 Q000494 NN,D000894 Q000494 NN,D018696 Q000494 NN,D011982 Q000378 NN,D007527 Q000378 NN,D020133 Q000379 NN,D007527 Q000037 NN,D009474 Q000166 NN,D016923 Q000187 NN,D016861 Q000494 NN,D011073 Q000494 NN,D011982 Q000187 NN,D009578 Q000494 NN,D011451 Q000378 NN,D013440 Q000494 NY,D016291 Q000494 NN,D000114 Q000494 NY,D011453 Q000494 NY,D000114 Q000031 NY,D002540 Q000166 NY,D011073 Q000037 NY,D000894 Q000037 NN","1207,2211,4553,6326,22880,92982,180081,6420042,6442441,16219612,73014186,134688148","128090016,128431035",Neuroprotection of cultured cortical neurons mediated by the cyclooxygenase-2 inhibitor APHS can be reversed by a prostanoid.,"The neuroprotective properties of two cyclooxygenase-2 (COX-2) specific inhibitors, N-[2-(cyclohexyloxy)-4-nitrophenyl]-methanesulfonamide (NS398) and o-(acetoxy-phenyl)hept-2-ynyl2 sulfide (APHS) were examined in vitro using a mixed cortical neuronal culture system. Each of these inhibitors conferred a concentration-dependent neuroprotective effect against an excitotoxic assault induced by NMDA. Neuroprotection was observed when the COX-2 inhibitor was added before or even 1-3 hours after NMDA, which was c",Journal of neuroscience research,Noel G Carlson," Salt Lake City VA-Geriatrics Research, Education and Clinical Center, Salt Lake City, Utah, USA. Noel.carlson@med.va.gov",2003 Jan;71(1):79-88,10.1002/jnr.10465
15070306,20040415,article,mesh,"Acetylene,Alkynes,Azides,Bromides,Chemistry, Pharmaceutical,Magnesium,Molecular Structure,Triazoles","analogs &amp; derivatives,chemical synthesis,chemistry,methods","D000114 Q000031 NN,D008274 Q000737 NY,D002626 Q000379 NN,D014230 Q000138 NY,D001965 Q000737 NN,D001386 Q000737 NN,D000480 Q000737 NY","6326,5462224,14837018",NULL,"Direct synthesis of 1,5-disubstituted-4-magnesio-1,2,3-triazoles, revisited.","After revisiting earlier works reporting the regioselective synthesis of 1,5-disubstituted-1,2,3-triazoles via the addition of bromomagnesium acetylides to azides, much improved yields of the products were obtained for a wide array of azides and alkynes. The intermediates of that reaction can be trapped with different electrophiles to regioselectively form 1,4,5-trisubstituted 1,2,3-triazoles. [reaction: see text] ",Organic letters,"Antoni Krasiński, Valery V Fokin, K Barry Sharpless"," Department of Chemistry and the Skaggs Institute for Chemical Biology, The Scripps Research Institute, 10550 N. Torrey Pines Road, La Jolla, CA 92037, USA. kranik@scripps.edu",2004 Apr;6(8):1237-40,10.1021/ol0499203
15131376,20040501,article,xref,NULL,NULL,NULL,10419,129714219,"[(E)- and [(Z)-2-[alpha,beta-bis(methoxycarbonyl)vinyl]cyclopentadien-1-ylidene]triphenylphosphorane.","The Ramirez ylide undergoes electrophilic substitution with dialkyl acetylenedicarboxylates, yielding a mixture of the Z and E adducts. The crystal structure analyses of the two adducts formed using dimethylacetylene, viz. dimethyl (E)- and (Z)-1-[2-(triphenylphosphoranylidene)cyclopentadien-1-yl]ethylenedicarboxylate, both C(29)H(25)O(4)P, explain an unusual chemical shift observed for the vinyl H atom of the Z adduct, which had previously precluded a definitive assignment of the isomers. In addition, the ","Acta crystallographica. Section C, Crystal structure communications","Lee J Higham, P Gabriel Kelly, Helge Müller-Bunz, Declan G Gilheany"," Department of Chemistry, University College Dublin, Belfield, Dublin 4, Ireland.",2004 May;60(?):o308-11,10.1107/s0108270104006067
15501926,20050301,article,"xref,mesh","Adaptation, Physiological,Adult,Age Factors,Aged,Aging,Antioxidants,Ascorbic Acid,Cardiac Output,Dose-Response Relationship, Drug,Double-Blind Method,Female,Humans,Male,Oxygen Consumption,Physical Endurance","administration &amp; dosage,drug effects,physiology","D000975 Q000008 NN,D000222 Q000502 NN,D010807 Q000187 NN,D002302 Q000187 NN,D001205 Q000008 NY,D002302 Q000502 NY,D000222 Q000187 NN,D010807 Q000502 NY,D010101 Q000187 NN,D000375 Q000502 NY,D010101 Q000502 NY,D000375 Q000187 NN","5176753,23667548,54670067,54682511,86763295,101033550",128423325,Ascorbic acid does not affect the age-associated reduction in maximal cardiac output and oxygen consumption in healthy adults.,"Maximal aerobic capacity (Vo(2max)) decreases progressively with age, primarily because of a reduction in maximal cardiac output (Q(max)). This age-associated decline in Vo(2max) may be partially mediated by the development of oxidative stress that can suppress beta-adrenergic-receptor responsiveness and, consequently, reduce Q(max). To test this hypothesis, Vo(2max) (indirect calorimetry) and Q(max) (open-circuit acetylene breathing) were determined in 12 young (23 +/- 1 yr, mean +/- SE) and 10 older (61 +","Journal of applied physiology (Bethesda, Md. : 1985)","Christopher Bell, John M Carson, Nathaniel W Motte, Douglas R Seals"," Department of Integrative Physiology, 354UCB, Univ. of Colorado, Boulder, CO 80309-0354, USA. christopher.bell@colorado.edu",2005 Mar;98(3):845-9,10.1152/japplphysiol.00790.2004
15705206,20050101,article,xref,"Adult,Asthma,Blood Flow Velocity,Breath Tests,Bronchi,Exhalation,Female,Humans,Male,Statistics as Topic,Temperature","blood supply,physiopathology","D001249 Q000503 NY,D001980 Q000098 NY,D001980 Q000503 NY","774,951,2083,3283,8254,40000,439260","128468424,128684764,128754351,129181549,129228530,129228531,136098781",Correlation of exhaled breath temperature with bronchial blood flow in asthma.,In asthma elevated rates of exhaled breath temperature changes (Deltae degrees T) and bronchial blood flow (Qaw) may be due to increased vascularity of the airway mucosa as a result of inflammation.We investigated the relationship of Deltae degrees T with Qaw and airway inflammation as assessed by exhaled nitric oxide (NO). We also studied the anti-inflammatory and vasoactive effects of inhaled corticosteroid and beta2-agonist.Deltae degrees T was confirmed to be elevated (7.27 +/- 0.6 Delta degrees C/s) in,Respiratory research,"Paolo Paredi, Sergei A Kharitonov, Peter J Barnes"," Department of Thoracic Medicine, National Heart and Lung Institute, Faculty of Medicine, Imperial College, London, UK. p.paredi@imperial.ac.uk",2005 Jan;6(1):15,10.1186/1465-9921-6-15
15796588,20050406,article,"xref,mesh","Acetylene,Alkynes,Apiaceae,Apium graveolens,Cell Death,Cell Line,Chromatography, High Pressure Liquid,Daucus carota,Foeniculum,Humans,Magnetic Resonance Spectroscopy,Pastinaca,Petroselinum,Polyacetylenes,Polymers,Tumor Cells, Cultured,Vegetables","analogs &amp; derivatives,analysis,chemistry,drug effects,pharmacology","D028529 Q000737 NN,D016923 Q000187 NY,D000114 Q000494 NN,D000480 Q000032 NY,D011108 Q000032 NY,D011108 Q000494 NN,D000480 Q000494 NN,D018552 Q000737 NN,D019661 Q000737 NY,D030001 Q000737 NN,D000114 Q000032 NY,D028525 Q000737 NN,D000114 Q000031 NY,D014675 Q000737 NY,D028528 Q000737 NN","3321,6326,6344,94685","129083544,129818630,243807422","Polyacetylenes from the Apiaceae vegetables carrot, celery, fennel, parsley, and parsnip and their cytotoxic activities.","A dichloromethane extract of root celery yielded falcarinol, falcarindiol, panaxydiol, and the new polyacetylene 8-O-methylfalcarindiol. The structure of the new compound was established by one- and two-dimensional (1D and 2D) NMR, mass spectrometry, and optical rotation data. Nonpolar extracts of roots and bulbs of carrots, celery, fennel, parsley, and parsnip were investigated for their content of polyacetylenes by high-performance liquid chromatography with diode array detection (HPLC-DAD). All five spec",Journal of agricultural and food chemistry,"Christian Zidorn, Karin Jöhrer, Markus Ganzera, Birthe Schubert, Elisabeth Maria Sigmund, Judith Mader, Richard Greil, Ernst P Ellmerer, Hermann Stuppner"," Abteilung Pharmakognosie, Institut für Pharmazie der Universität Innsbruck, Josef-Moeller-Haus, Innrain 52, A-6020 Innsbruck, Austria. Christian.H.Zidorn@uibk.ac.uk",2005 Apr;53(7):2518-23,10.1021/jf048041s
15816778,20050414,article,"xref,mesh","Acetylene,Cyclization,Esters,Furans,Heterocyclic Compounds, Bridged-Ring,Molecular Structure","analogs &amp; derivatives,chemical synthesis,chemistry","D000114 Q000031 NN,D000114 Q000737 NN,D005663 Q000737 NY,D005663 Q000138 NY,D006572 Q000138 NY,D006572 Q000737 NN","6326,12980",129475220,Synthesis of furan-bridged 10-membered rings through [8 + 2]-cycloaddition of dienylfurans and acetylenic esters.,[reaction: see text] The coupling of various dienylfurans with dimethyl acetylenedicarboxylate (DMAD) has been examined. In most cases this reaction proceeds via [8 + 2]-cycloaddition to afford furan-bridged 10-membered ring systems as a single diastereomer. Dienylfuran intermediates were generated using either a chromium carbene-based method or aldol-based methods. Reaction of [8 + 2]-cycloadducts with electrophilic reagents occurred selectively at the enol ether alkene. ,Organic letters,"Lei Zhang, Yu Wang, Clare Buckingham, James W Herndon"," New Mexico State University, Department of Chemistry and Biochemistry, MSC 3C, Las Cruces, New Mexico 88003, USA.",2005 Apr;7(8):1665-7,10.1021/ol050416n
15949852,20050630,article,mesh,"Acetylene,Asteraceae,HeLa Cells,Humans,I-kappa B Proteins,Inflammation Mediators,Jurkat Cells,NF-KappaB Inhibitor alpha,NF-kappa B,Plant Extracts,Polyacetylenes,Polymers,Spiro Compounds,Transcription Factor RelA","analogs &amp; derivatives,antagonists &amp; inhibitors,chemistry,metabolism,pharmacology,physiology","D016328 Q000502 NY,D016328 Q000037 NN,D010936 Q000494 NN,D020672 Q000037 NN,D018836 Q000378 NY,D000114 Q000494 NN,D016328 Q000378 NN,D020672 Q000378 NN,D011108 Q000494 NN,D019659 Q000737 NY,D000114 Q000031 NY,D013141 Q000494 NY",6326,NULL,Inhibition of NF-kappaB activation and expression of inflammatory mediators by polyacetylene spiroketals from Plagius flosculosus.,"Transcription factor NF-kappaB plays a key role for the inducible expression of genes mediating proinflammatory effects and is thus an important target for the development of antiinflammatory drugs. Here, we show that extracts from the plant Plagius flosculosus (L.) Alavi and Heyw. can inhibit the induction of NF-kappaB activity, and we describe the identification of three spiroketal compounds. Of those, only compound 1 could inhibit the phosphorylation and proteasomal degradation of IkappaB, thus preventin",Biochimica et biophysica acta,"Marco A Calzado, Katharina Schmid Lüdi, Bernd Fiebich, Yinon Ben-Neriah, Susanne Bacher, Eduardo Munoz, Mauro Ballero, Simona Prosperini, Giovanni Appendino, M Lienhard Schmitz"," Department of Chemistry and Biochemistry, University of Bern, Switzerland.",2005 Jun;1729(2):88-93,10.1016/j.bbaexp.2005.04.007
16104691,20050801,article,"xref,mesh","Acetylene,Alkynes,Carbon,Cyclization,Isomerism,Onium Compounds,Salts,Vinyl Compounds","chemical synthesis,chemistry","D012492 Q000737 NY,D000114 Q000737 NN,D000480 Q000138 NY,D014753 Q000737 NY,D009861 Q000737 NY,D002244 Q000737 NN","176,6326,10887832","129071275,129555393",Generation of cycloalkynes by hydro-iodonio-elimination of vinyl iodonium salts.,"Cyclohexynes can be generated efficiently from 1-cyclohexenyliodonium salts with acetate or other bases via the E2 and E1 mechanism. The observed regioselectivity of nucleophilic addition to substituted cyclohexynes conforms to the LUMO populations: the less deformed acetylenic carbon is more electrophilic. Cycloheptyne can form by the E1-type elimination via 1,2-rearrangement from cyclohexylidenemethyliodonium salt under very weakly basic conditions. ",Accounts of chemical research,"Tadashi Okuyama, Morifumi Fujita"," Graduate School of Material Science, Himeji Institute of Technology, University of Hyogo, Kamigori, Hyogo 678-1297, Japan. okuyama@sci.u-hyogo.ac.jp",2005 Aug;38(8):679-86,10.1021/ar040293r
16141376,20060101,article,"xref,mesh","Adaptation, Physiological,Adult,Blood Flow Velocity,Blood Pressure,Exercise Test,Female,Histamine H2 Antagonists,Humans,Hypotension,Male,Muscle, Skeletal,Physical Exertion,Ranitidine,Receptors, Histamine H2,Vascular Resistance,Vasodilation","administration &amp; dosage,adverse effects,blood supply,drug effects,etiology,metabolism,physiopathology","D001783 Q000187 NN,D007022 Q000209 NN,D000222 Q000187 NN,D018482 Q000503 NY,D018482 Q000187 NN,D005080 Q000009 NY,D018482 Q000098 NY,D006635 Q000008 NN,D014655 Q000187 NN,D011899 Q000008 NN,D001794 Q000187 NN,D011970 Q000378 NY,D007022 Q000503 NY","774,5039,47909,3001055,3033332,6603542,9883333,24883424","128754351,129307185",H2-receptor-mediated vasodilation contributes to postexercise hypotension.,The early (approximately 30 min) postexercise hypotension response after a session of aerobic exercise is due in part to H1-receptor-mediated vasodilation. The purpose of this study was to determine the potential contribution of H2-receptor-mediated vasodilation to postexercise hypotension. We studied 10 healthy normotensive men and women (ages 23.7 +/- 3.4 yr) before and through 90 min after a 60-min bout of cycling at 60% peak O2 uptake on randomized control and H2-receptor antagonist days (300 mg oral ra,"Journal of applied physiology (Bethesda, Md. : 1985)","Jennifer L McCord, Julie M Beasley, John R Halliwill"," Department of Human Physiology, 122 Esslinger Hall, 1240 University of Oregon, Eugene, Oregon 97403-1240, USA.",2006 Jan;100(1):67-75,10.1152/japplphysiol.00959.2005
16388618,20060106,article,"xref,mesh","Acetylene,Alkylation,Aniline Compounds,Catalysis,Copper,Cyclization,Electrons,Indoles,Iodine,Molecular Structure,Palladium",chemistry,"D003300 Q000737 NY,D000114 Q000737 NY,D007455 Q000737 NY,D007211 Q000737 NY,D000814 Q000737 NY,D010165 Q000737 NY","807,6115,6326,8870,23938,23978,68330,6452955,13000444,42626467,69911550",128889888,"Synthesis of 3-iodoindoles by the Pd/Cu-catalyzed coupling of N,N-dialkyl-2-iodoanilines and terminal acetylenes, followed by electrophilic cyclization.","[reaction: see text] 3-Iodoindoles have been prepared in excellent yields by coupling terminal acetylenes with N,N-dialkyl-o-iodoanilines in the presence of a Pd/Cu catalyst, followed by an electrophilic cyclization of the resulting N,N-dialkyl-o-(1-alkynyl)anilines using I2 in CH2Cl2. Aryl-, vinylic-, alkyl-, and silyl-substituted terminal acetylenes undergo this process to produce excellent yields of 3-iodoindoles. The reactivity of the carbon-nitrogen bond cleavage during cyclization follows the followin",The Journal of organic chemistry,"Dawei Yue, Tuanli Yao, Richard C Larock"," Department of Chemistry, Iowa State University, Ames, Iowa 50011, USA.",2006 Jan;71(1):62-9,10.1021/jo051549p
16626117,20060428,article,"xref,mesh","Acetylene,Aldehydes,Benzopyrans,Cyclization,Naphthalenes","chemical synthesis,chemistry","D009281 Q000138 NY,D000447 Q000737 NN,D000114 Q000737 NN,D001578 Q000138 NY","931,6326",129905584,Syntheses of isochromenes and naphthalenes by electrophilic cyclization of acetylenic arenecarboxaldehydes.,"Highly substituted 1H-isochromenes, isobenzofurans, and pyranopyridines can be prepared by allowing o-(1-alkynyl)arenecarboxaldehydes and ketones to react with I2, ICl, NIS, Br2, NBS, p-O2NC6H4SCl, or PhSeBr and various alcohols or carbon-based nucleophiles at room temperature. Naphthyl ketones and iodides are also readily prepared by the reaction of 2-(1-alkynyl)arenecarboxaldehydes with I2 and simple olefins or alkynes. ",The Journal of organic chemistry,"Dawei Yue, Nicola Della Ca, Richard C Larock"," Department of Chemistry, Iowa State University, Ames, Iowa 50011, USA.",2006 Apr;71(9):3381-8,10.1021/jo0524573
16631830,20060601,article,mesh,"Acetylene,Centella,Ceramides,Cerebrosides,Cytokines,Humans,Immunosuppressive Agents,Leukocytes, Mononuclear,Magnetic Resonance Spectroscopy,Molecular Structure,Plant Components, Aerial","biosynthesis,chemistry,drug effects,pharmacology","D000114 Q000737 NY,D016207 Q000187 NN,D007166 Q000737 NY,D016207 Q000096 NN,D000114 Q000494 NN,D007963 Q000187 NN,D002554 Q000737 NY,D002518 Q000737 NY,D035261 Q000737 NN,D007166 Q000494 NN,D028041 Q000737 NY",6326,NULL,"Immunosuppressive diacetylenes, ceramides and cerebrosides from Hydrocotyle leucocephala.","Three C-17 diacetylenic compounds (1-3), one monoterpenoid (4), seven ceramides (leucoceramides A-G, 5a-g), six cerebrosides (leucocerebrosides A-F, 6a-f) and nine known compounds were isolated from the methanolic extract of Hydrocotyle leucocephala. Their structures were established by spectroscopic methods. The isolated compounds 1-3, 5a-g, 6a-f and 7 were shown to be active in the lipopolysaccharide (LPS) induced cytokine production assay for IL-10, IL-12, and TNF-alpha. ",Phytochemistry,"Freddy Ramos, Yoshihisa Takaishi, Kazuyoshi Kawazoe, Coralia Osorio, Carmenza Duque, Ricardo Acuña, Yoshinori Fujimoto, Mitsunobu Sato, Masato Okamoto, Tetsuya Oshikawa, Sharif Uddin Ahmed"," Pharmacognosy Laboratory, Graduate School of Pharmaceutical Sciences, University of Tokushima, Shomashi 1-78, Tokushima 770-8505, Japan.",2006 Jun;67(11):1143-50,10.1016/j.phytochem.2006.03.004
17426212,20070401,article,"xref,mesh","Administration, Inhalation,Aged,Blood Flow Velocity,Breath Tests,Bronchi,Female,Follow-Up Studies,Forced Expiratory Volume,Gas Chromatography-Mass Spectrometry,Glucocorticoids,Humans,Male,Middle Aged,Nitric Oxide,Pulmonary Disease, Chronic Obstructive,Severity of Illness Index,Time Factors","administration &amp; dosage,blood supply,drug effects,drug therapy,metabolism,physiology,physiopathology,therapeutic use","D001783 Q000187 NN,D005938 Q000627 NN,D029424 Q000378 NN,D029424 Q000503 NY,D001980 Q000098 NY,D005938 Q000008 NY,D001783 Q000502 NY,D009569 Q000378 NY,D029424 Q000188 NN","2083,40000,145068","128684764,136098781",Normal bronchial blood flow in COPD is unaffected by inhaled corticosteroids and correlates with exhaled nitric oxide.,"BACKGROUND: In COPD patients, there is reduced vascularity and inflammation of the bronchi, which may have opposite effects on bronchial blood flow (QAW). We studied the relationship of QAW with the fraction of exhaled nitric oxide (FENO), which is a potent vasodilator. We also investigated the vascular response to budesonide and a beta(2)-agonist. METHODS: We measured QAW in 17 patients with COPD (mean [+/- SEM] age, 67 +/- 3 years; 10 male patients; mean FEV(1), 57 +/- 3% predicted; mean FEV(1)/FVC ratio,",Chest,"Paolo Paredi, Simon Ward, Derek Cramer, Peter J Barnes, Sergei A Kharitonov"," National Heart and Lung Institute, Airway Disease Section, Dovehouse St, London, SW3 6LY, UK. p.paredi@imperial.ac.uk",2007 Apr;131(4):1075-81,10.1378/chest.06-2154
17626430,20070615,article,"xref,mesh","Acetylene,Autotrophic Processes,Bioreactors,Biotransformation,Ethinyl Estradiol,Hydroxylation,Magnetic Resonance Spectroscopy,Nitrogen,Water Microbiology,Water Purification","chemistry,metabolism","D004997 Q000737 NN,D000114 Q000737 NN,D009584 Q000737 NY,D004997 Q000378 NY","947,5991,6326",127508829,The link between nitrification and biotransformation of 17alpha-ethinylestradiol.,"Biological treatment processes are probably important for preventing the proliferation of steroidal compounds in the environment, and a growing number of reports suggest that nitrification may play a role in removing these chemicals from wastewater. The link between nitrification and biotransformation of 17alpha-ethinylestradiol (EE2) was investigated using enriched cultures of autotrophic ammonia-oxidizers. Batch experiments showed that ring A of EE2 is the site of electrophilic initiating reactions, inclu",Environmental science & technology,"Taewoo Yi, Willie F Harper"," Department of Civil Engineering, Environmental Engineering Group, 238 Harbert Engineering Center, Auburn University, Auburn, Alabama 36849, USA.",2007 Jun;41(12):4311-6,10.1021/es070102q
20000793,20100316,article,"xref,mesh","Acylation,Carbon,Catalysis,Dioxanes,Stereoisomerism,Transition Elements",chemistry,"D002244 Q000737 NY,D004146 Q000737 NY,D028561 Q000737 NN","180,323,16249,66111","127669892,127687920,128019771,129972330",Meldrum's acids and 5-alkylidene Meldrum's acids in catalytic carbon-carbon bond-forming processes.,"Meldrum's acid (2,2-dimethyl-1,3-dioxane-4,6-dione) is a molecule with a unique history, owing to its originally misassigned structure, as well as a unique place among acylating agents, owing to its high acidity and remarkable electrophilicity. In this Account, we outline the work of our group and others toward harnessing the reactivity of Meldrum's acid derivatives in catalytic C-C bond-forming reactions. Taking advantage of the ability of Meldrum's acid to decompose to CO(2) and acetone following acyl sub",Accounts of chemical research,"Aaron M Dumas, Eric Fillion"," Department of Chemistry, University of Waterloo, Waterloo, Ontario N2L 3G1, Canada.",2010 Mar;43(3):440-54,10.1021/ar900229z
20509700,20101118,article,"xref,mesh","Acetylene,Base Sequence,Coloring Agents,DNA,Electron Transport,Inverted Repeat Sequences,Kinetics,Photosensitizing Agents,Pyrenes,Spectrum Analysis","analogs &amp; derivatives,chemistry,genetics,metabolism","D004247 Q000235 NY,D000114 Q000031 NN,D000114 Q000737 NN,D017319 Q000737 NN,D011721 Q000737 NN,D004247 Q000378 NY,D004396 Q000737 NN,D004247 Q000737 NN","6326,10390,15352,31423,93556,44135672","127490147,128318916,128676506,129872083",Sequence dependence of excess electron transfer in DNA.,"DNA-mediated charge transfer has recently received a substantial attention because of its biological relevance in the DNA damage and DNA repair as well as the potential applications to nanoscale electronic devices. In contrast to the numerous mechanistic studies on oxidative hole transfer (HT) through DNA, our understanding of reductive electron transfer process still remains limited. In this article, we demonstrate the results of direct observation of the excess electron transfer (EET) through DNA, which c",The journal of physical chemistry. B,"Kazuki Tainaka, Mamoru Fujitsuka, Tadao Takada, Kiyohiko Kawai, Tetsuro Majima"," The Institute of Scientific and Industrial Research (SANKEN), Osaka University, Mihogaoka 8-1, Ibaraki, Osaka 567-0047, Japan.",2010 Nov;114(45):14657-63,10.1021/jp1024685
21993413,20111128,article,"xref,mesh","Acetylene,Antioxidants,Azides,Cell Survival,Cells, Cultured,Click Chemistry,Dendrimers,Drug Delivery Systems,Furans,Hydrogen Peroxide,Lipopolysaccharides,Maleimides,Microglia,Mitochondria,Oxidants,Oxidative Stress,Paraquat,Temperature,Thioctic Acid","chemistry,drug effects,metabolism,pharmacology","D008928 Q000187 NN,D008070 Q000494 NN,D016877 Q000494 NN,D002470 Q000187 NN,D000114 Q000737 NN,D008301 Q000737 NN,D017628 Q000378 NN,D017628 Q000187 NN,D018384 Q000187 NY,D001386 Q000737 NN,D050091 Q000737 NN,D010269 Q000494 NN,D006861 Q000494 NN,D008928 Q000378 NN,D000975 Q000737 NN,D000975 Q000494 NY,D008063 Q000494 NY,D008063 Q000737 NN,D050091 Q000494 NY,D005663 Q000737 NN","784,864,6112,6326,10935,15938,15939,5351279,25162932","127401708,128903125",Thermosensitive dendrimer formulation for drug delivery at physiologically relevant temperatures.,"A simple and versatile dendrimer based platform to deliver therapeutic agents at temperatures within the physiological range, is reported. Lipoic acid conjugated at the periphery of the thermosensitive dendrimer formulations undergoes slow and sustained release at 37-42 °C, and rescues the cells from oxidative stress and a pro-inflammatory endotoxic agent. ","Chemical communications (Cambridge, England)","Annie Castonguay, Eleanor Wilson, Noura Al-Hajaj, Laurène Petitjean, Julie Paoletti, Dusica Maysinger, Ashok Kakkar"," Department of Chemistry, McGill University, 801 Sherbrooke St. West, Montreal, Quebec, H3A 2K6, Canada.",2011 Nov;47(44):12146-8,10.1039/c1cc15354d
22026171,20110101,review,xref,"Alkynes,Catalysis,Cyclopropanes,Hydrocarbons, Iodinated,Molecular Structure,Thermodynamics","chemical synthesis,chemistry","D006847 Q000737 NY,D000480 Q000138 NY,D003521 Q000737 NY,D000480 Q000737 NN",6857472,135779101,Cyclopropanes and hypervalent iodine reagents: high energy compounds for applications in synthesis and catalysis.,"One of the major challenges faced by organic chemistry is the efficient synthesis of increasingly complex molecules. Since October 2007, the Laboratory of Catalysis and Organic Synthesis (LCSO) at EPFL has been working on the development of catalytic reactions based on the Umpolung of the innate reactivity of functional groups. Electrophilic acetylene synthons have been developed using the exceptional properties of ethynyl benziodoxolone (EBX) hypervalent iodine reagents for the alkynylation of heterocycles",Chimia,"Davinia Fernández González, Filippo De Simone, Jonathan P Brand, Stefano Nicolai, Jérôme Waser"," Ecole Polytechnique Fédérale de Lausanne, Laboratory of Catalysis and Organic Synthesis, EPFL SB ISIC LCSO, BCH 4306, CH-1015 Lausanne.",2011 Jan;65(9):649-51,NULL
22260441,20120203,article,NULL,NULL,NULL,NULL,NULL,NULL,Para-selective gold-catalyzed direct alkynylation of anilines.,"A method for the para-selective alkynylation of anilines is reported using AuCl as catalyst and triisopropylsilylethynyl-1,2-benziodoxol-3(1H)-one (TIPS-EBX) as an electrophilic acetylene equivalent. Para-alkynyl anilines substituted at positions 2 or 3 were obtained in one step from simple anilines under mild conditions (room temperature to 60 °C) under air. The methodology could also be extended to the alkynylation of trimethoxybenzenes. ",Organic letters,"Jonathan P Brand, Jérôme Waser"," Laboratory of Catalysis and Organic Synthesis, Institute of Chemical Sciences and Engineering, Ecole Polytechnique Fédérale de Lausanne, EPFL SB ISIC LCSO, BCH 4306, 1015 Lausanne, Switzerland.",2012 Feb;14(3):744-7,10.1021/ol203289v
22297744,20120101,article,"xref,mesh","Animals,Caenorhabditis elegans,Caenorhabditis elegans Proteins,Life Expectancy,Longevity,Oxidative Stress,Quinazolines","chemistry,drug effects,metabolism,pharmacology","D008136 Q000187 NY,D017173 Q000187 NY,D011799 Q000494 NY,D018384 Q000187 NN,D011799 Q000737 NY,D029742 Q000378 NN","5798,11776,120189,14150592,45078381,123598335","127378510,128133524,128497057,129134467,129309849,325159618",Life span extension of Caenorhabditis elegans by novel pyridoperimidine derivative.,"Zwitterions formed from the addition of triphenylphosphine to dialky acetylene-dicarboxylates attack the nucleus of both 1H-perimidine (1) and 1H-benzo[d]imidazole (9) to form novel pyrido[1,2,3-cd]perimidine and imidazo[4,5,1-ij]quinoline derivatives in moderate yields (64-72%). The biological activity of the products has been studied. Compound 3a was found to extend life span of wild type Caenorhabditis elegans under standard laboratory conditions. Both heat stress and induced chemical stress resistance o",Archives of pharmacal research,"Ahmed A R Sayed, Kamal M El-Shaieb, Aboul-Fetouh E Mourad"," Chemistry Department, Faculty of Science, Minia University, El-Minia 61519, Egypt. sayedaar1@yahoo.com",2012 Jan;35(1):69-76,10.1007/s12272-012-0107-x
22527911,20120604,article,xref,NULL,NULL,NULL,"7612,8029,102292129","129813428,129950273,322288251","Orthoamides and iminium salts LXXII: N,N,N',N',N'',N'',N''',N'''-octamethyl-(but-2-yne)-bis(amidinium) tetrafluoroborate: the first bis-amidinium salt of acetylenedicarboxyclic acid. A new superelectrophile?","A method for the preparation of the first acetylenedicarboxamidinium salt from a bis-orthoamide derivative of acetylenedicarboxyclic acid has been established. The salt reacted with cyclopentadiene and furan at room temperature to give bicyclic [4+2]-cycloaddition products. The solid compounds were characterized by solution NMR spectroscopy and by single-crystal X-ray diffraction. Quantum-chemical calculations of the isolated N,N,N',N',N'',N'',N''',N'''-octamethyl-acetylene-bis(carboxamidinium) ion showed v","Chemistry (Weinheim an der Bergstrasse, Germany)","Konstantin Drandarov, Ioannis Tiritiris, Olga Wassiljew, Hans-Ullrich Siehl, Willi Kantlehner"," Fakultät Chemie/Organische Chemie, Hochschule Aalen, Beethovenstr. 1, 73430 Aalen, Germany.",2012 Jun;18(23):7224-8,10.1002/chem.201103695
23234598,20130104,article,NULL,NULL,NULL,NULL,NULL,NULL,Sequential electrophilic and photochemical cyclizations from bis(bithienyl)acetylene to a tetrathienonaphthalene core.,"Photoirradiation of bis(bithienyl)acetylenes in the presence of iodine undergoes sequential electrophilic and photochemical cyclizations to produce tetrathienonaphthalenes (TTN) in one pot. The TTN framework is readily transformed into cruciform π-extended derivatives, which form ordered nano/microstructures. ",Organic letters,"Chuandong Dou, Shohei Saito, Libin Gao, Naoki Matsumoto, Takashi Karasawa, Hongyu Zhang, Aiko Fukazawa, Shigehiro Yamaguchi"," Department of Chemistry, Graduate School of Science, Nagoya University, and CREST, Japan Science and Technology Agency, Furo, Chikusa, Nagoya 464-8602, Japan.",2013 Jan;15(1):80-3,10.1021/ol303107y
23255064,20130114,article,mesh,"Acetylene,Catalysis,Gold,Hydroxides,Models, Molecular,Molecular Structure,Organogold Compounds","analogs &amp; derivatives,chemical synthesis,chemistry","D006878 Q000737 NY,D050607 Q000737 NY,D000114 Q000737 NY,D000114 Q000031 NN,D050607 Q000138 NN,D006046 Q000737 NY","961,6326",NULL,"Dual gold catalysis: σ,π-propyne acetylide and hydroxyl-bridged digold complexes as easy-to-prepare and easy-to-handle precatalysts.","A series of dinuclear gold σ,π-propyne acetylide complexes were prepared and tested for their catalytic ability in dual gold catalysis that was based on the reaction of an electrophilic π-complex of gold with a gold acetylide. The air-stable and storable catalysts can be isolated as silver-free catalysts in their activated form. These dual catalysts allow a fast initiation phase for the dual catalytic cycles without the need for additional additives for acetylide formation. Because propyne serves as a throw","Chemistry (Weinheim an der Bergstrasse, Germany)","A Stephen K Hashmi, Tobias Lauterbach, Pascal Nösel, Mie Højer Vilhelmsen, Matthias Rudolph, Frank Rominger"," Organisch-Chemisches Institut, Ruprecht-Karls-Universität Heidelberg, Im Neuenheimer Feld 270, 69120 Heidelberg, Germany. hashmi@hashmi.de",2013 Jan;19(3):1058-65,10.1002/chem.201203010
23448130,20130318,article,NULL,NULL,NULL,NULL,NULL,NULL,"C-C bond formation and related reactions at the CNC backbone in (smif)FeX (smif = 1,3-di-(2-pyridyl)-2-azaallyl): dimerizations, 3 + 2 cyclization, and nucleophilic attack; transfer hydrogenations and alkyne trimerization (X = N(TMS)2, dpma = (di-(2-pyridyl-methyl)-amide)).","Molecular orbital analysis depicts the CNC(nb) backbone of the smif (1,3-di-(2-pyridyl)-2-azaallyl) ligand as having singlet diradical and/or ionic character where electrophilic or nucleophilic attack is plausible. Reversible dimerization of (smif)Fe{N(SiMe3)2} (1) to [{(Me3Si)2N}Fe]2(μ-κ(3),κ(3)-N,py2-smif,smif) (2) may be construed as diradical coupling. A proton transfer within the backbone-methylated, and o-pyridine-methylated smif of putative ((b)Me2(o)Me2smif)FeN(SiMe3)2 (8) provides a route to [{(Me3",Inorganic chemistry,"Brenda A Frazier, Valerie A Williams, Peter T Wolczanski, Suzanne C Bart, Karsten Meyer, Thomas R Cundari, Emil B Lobkovsky"," Department of Chemistry & Chemical Biology, Baker Laboratory, Cornell University, Ithaca, New York 14853, USA.",2013 Mar;52(6):3295-312,10.1021/ic302783y
23525258,20130501,article,"xref,mesh","Animals,Bile Ducts,Body Weight,Carbon Monoxide,Heme Oxygenase-1,Iron,Ligation,Liver,Liver Cirrhosis,Male,Organ Size,Oxidative Stress,Portal Pressure,Rats,Rats, Sprague-Dawley,Signal Transduction,Spleen,Splenectomy","adverse effects,antagonists &amp; inhibitors,blood,enzymology,etiology,metabolism,pathology,physiopathology,prevention &amp; control,surgery","D051547 Q000378 NY,D008099 Q000473 NN,D008103 Q000097 NN,D008103 Q000517 NY,D008099 Q000201 NN,D051547 Q000037 NN,D008103 Q000209 NY,D008099 Q000503 NN,D001652 Q000503 NN,D008103 Q000503 NN,D007501 Q000378 NN,D008103 Q000473 NN,D001652 Q000473 NN,D013156 Q000009 NY,D013154 Q000473 NN,D013154 Q000601 NN,D002248 Q000378 NY","281,105075,108007,439935,10313045","53786893,53788978,53789165",Heme oxygenase/carbon monoxide pathway inhibition plays a role in ameliorating fibrosis following splenectomy.,"Splenectomy is a recognized therapy for liver cirrhosis with splenomegaly, since it decreases free iron concentration that accompanies the destruction of red blood cells. Heme oxygenase (HO)-1 and its by-products, iron and carbon monoxide (CO), play crucial roles in hepatic fibrosis. The aim of the present study was to determine whether splenectomy in cirrhotic rats induced by bile duct ligation (BDL), through the HO/CO pathway, could slow down the development of liver fibrosis. Male Sprague-Dawley rats wer",International journal of molecular medicine,"Qiu-Ming Wang, Zhi-Jun Duan, Jian-Ling Du, Shi-Bin Guo, Xiao-Yu Sun, Zhen Liu"," Department of Gastroenterology, The First Affiliated Hospital of Dalian Medical University, Dalian, Liaoning 116011, P.R. China.",2013 May;31(5):1186-94,10.3892/ijmm.2013.1309
24253939,20140107,article,NULL,NULL,NULL,NULL,NULL,NULL,Ring expansion of a 2-rhodaoxetane: insertion chemistry with unsaturated molecules.,"A 2-rhodaoxetane was found to react with unsaturated electrophiles, such as highly electron-deficient acetylene dicarboxylates, CS2 and various aldehydes, to form a series of six-membered metallacycles. These metallacycles were characterized by (1)H, (13)C and 2D NMR spectroscopic techniques, as well as HRMS and, for one complex, XRD. In some cases, the insertions were found to be reversible. ","Dalton transactions (Cambridge, England : 2003)","Addison N Desnoyer, Alexander Dauth, Brian O Patrick, Jennifer A Love"," Department of Chemistry, University of British Columbia, Vancouver, Canada. jenlove@chem.ubc.ca.",2014 Jan;43(1):30-3,10.1039/c3dt52569d
24584265,20140414,article,NULL,NULL,NULL,NULL,NULL,NULL,Electrophilic alkynylation of ketones using hypervalent iodine.,"A new method for the electrophilic α-alkynylation of ketones was developed using hypervalent iodine under mild and metal-free conditions. Carbonyl compounds containing an α-acetylene group were obtained in good to excellent yields for several ketones using 1-[(trimethylsilyl)ethynyl]-1,2-benziodoxol-3(1H)-one (TMS-EBX) as an alkynylation agent in the presence of t-BuOK and TBAF in THF as solvent. Under the same conditions, an aldehyde was alkynylated. ","Chemical communications (Cambridge, England)","Aline Utaka, Livia N Cavalcanti, Luiz F Silva"," Instituto de Química, Universidade de São Paulo, CP 26077, CEP 05513-970, São Paulo - SP, Brazil. luizfsjr@iq.usp.br.",2014 Apr;50(29):3810-3,10.1039/c4cc00608a
24712711,20140508,article,mesh,"Acetylene,Mass Spectrometry,Molecular Dynamics Simulation,Molecular Structure,Peroxides","analogs &amp; derivatives,chemistry","D010545 Q000737 NY,D000114 Q000737 NN,D000114 Q000031 NY","6326,10821,520535",NULL,Mass spectrometric and computational studies on the reaction of aromatic peroxyl radicals with phenylacetylene using the distonic radical ion approach.,"Product and mechanistic studies were performed for the reaction of aromatic distonic peroxyl radical cations 4-PyrOO(•+) and 3-PyrOO(•+) with phenylacetylene (7) in the gas phase using mass spectrometric and computational techniques. PyrOO(•+) was generated through reaction of the respective distonic aryl radical cation Pyr(•+) with O2 in the ion source of the mass spectrometer. For the reaction involving the more electrophilic 4-PyrOO(•+), a rate coefficient of k1 = (2.2 ± 0.6) × 10(-10) cm(3) molecule(-1)",The journal of physical chemistry. A,"George N Khairallah, Richard A J O'Hair, Uta Wille"," School of Chemistry and Bio21 Institute, ARC Centre of Excellence for Free Radical Chemistry and Biotechnology, The University of Melbourne , 30 Flemington Road, Parkville, Victoria 3010, Australia.",2014 May;118(18):3295-306,10.1021/jp411477e
25437709,20150125,article,"xref,mesh","Acetylcysteine,Animals,Apoptosis,Biological Transport,Biomarkers,Cobalt,Cytokines,Hemolysis,Humans,Mice,Nanoparticles,Oxidative Stress,Oxides,Reactive Oxygen Species,Toxicity Tests","chemistry,drug effects,metabolism,methods,toxicity","D010087 Q000633 NY,D017209 Q000187 NN,D018384 Q000187 NN,D016207 Q000378 NN,D017382 Q000378 NN,D010087 Q000737 NY,D003035 Q000737 NY,D000111 Q000378 NN,D010087 Q000378 NN,D003035 Q000633 NY,D018675 Q000379 NY,D015415 Q000378 NN,D003035 Q000378 NN,D053758 Q000633 NY,D006461 Q000187 NN","12035,104730,6432046,9942118,12114682,23678798","53789760,144087427",Toxicity of cobalt oxide nanoparticles to normal cells; an in vitro and in vivo study.,The aim of this study was to find out the intracellular signaling transduction pathways involved in cobalt oxide nanoparticles (CoO NPs) mediated oxidative stress in vitro and in vivo system. Cobalt oxide nanoparticles released excess Co++ ions which could activated the NADPH oxidase and helps in generating the reactive oxygen species (ROS). Our results showed that CoO NPs elicited a significant (p<0.05) amount of ROS in lymphocytes. In vitro pretreatment with N-acetylene cystine had a protective role on ly,Chemico-biological interactions,"Sourav Chattopadhyay, Sandeep Kumar Dash, Satyajit Tripathy, Balaram Das, Debasis Mandal, Panchanan Pramanik, Somenath Roy"," Immunology and Microbiology Laboratory, Department of Human Physiology with Community Health, Vidyasagar University, Midnapore 721 102, West Bengal, India. Immunology and Microbiology Laboratory, Department of Human Physiology with Community Health, Vidyasagar University, Midnapore 721 102, West Bengal, India. Immunology and Microbiology Laboratory, Department of Human Physiology with Community Health, Vidyasagar University, Midnapore 721 102, West Bengal, India. Immunology and Microbiology Laboratory, Dep",2015 Jan;226(?):58-71,10.1016/j.cbi.2014.11.016
26042867,20150625,article,mesh,"Acetylene,Base Pairing,Circular Dichroism,Cytosine,DNA,Electron Transport,Electrons,Guanine,Photolysis,Photosensitizing Agents,Protons,Spectrometry, Fluorescence,Thiophenes,Thymine,Transition Temperature","analogs &amp; derivatives,chemistry","D000114 Q000031 NN,D000114 Q000737 NN,D013941 Q000737 NN,D003596 Q000737 NY,D013876 Q000737 NN,D004247 Q000737 NY,D006147 Q000737 NY","597,764,1038,1135,6326,10390,4421864,5460653,44135672",NULL,How Does Guanine-Cytosine Base Pair Affect Excess-Electron Transfer in DNA?,"Charge transfer and proton transfer in DNA have attracted wide attention due to their relevance in biological processes and so on. Especially, excess-electron transfer (EET) in DNA has strong relation to DNA repair. However, our understanding on EET in DNA still remains limited. Herein, by using a strongly electron-donating photosensitizer, trimer of 3,4-ethylenedioxythiophene (3E), and an electron acceptor, diphenylacetylene (DPA), two series of functionalized DNA oligomers were synthesized for investigati",The journal of physical chemistry. B,"Shih-Hsun Lin, Mamoru Fujitsuka, Tetsuro Majima"," The Institute of Scientific and Industrial Research (SANKEN), Osaka University, Mihogaoka 8-1, Ibaraki Osaka 567-0047, Japan. The Institute of Scientific and Industrial Research (SANKEN), Osaka University, Mihogaoka 8-1, Ibaraki Osaka 567-0047, Japan. The Institute of Scientific and Industrial Research (SANKEN), Osaka University, Mihogaoka 8-1, Ibaraki Osaka 567-0047, Japan.",2015 Jun;119(25):7994-8000,10.1021/acs.jpcb.5b03494
26298668,20151101,article,mesh,"Acetylene,Animals,Animals, Genetically Modified,Caspase 3,DNA Damage,Drosophila melanogaster,Environmental Pollutants,Gene Expression Regulation, Developmental,Glutathione,HSP70 Heat-Shock Proteins,Lac Operon,Larva,Lipid Peroxidation,Oxidative Stress,Protein Carbonylation,beta-Galactosidase","analogs &amp; derivatives,chemistry,drug effects,embryology,genetics,metabolism,toxicity","D018507 Q000187 NN,D004331 Q000196 NY,D018840 Q000378 NN,D018384 Q000187 NN,D000114 Q000737 NN,D004331 Q000235 NN,D007814 Q000187 NN,D004331 Q000187 NY,D018840 Q000235 NY,D015227 Q000187 NN,D001616 Q000378 NN,D004785 Q000633 NY,D004785 Q000737 NN,D004331 Q000378 NN,D053148 Q000378 NN,D000114 Q000031 NY,D007814 Q000378 NN,D050050 Q000187 NN,D005978 Q000378 NN,D007763 Q000235 NY,D000114 Q000633 NN","6326,124886",NULL,Evaluation of the toxic potential of calcium carbide in the third instar larvae of transgenic Drosophila melanogaster (hsp70-lacZ)Bg(9).,"In the present study the toxic potential of calcium carbide (CaC2) was studied on the third instar larvae of transgenic Drosophila melanogaster (hsp70-lacZ)Bg(9). The third instar larvae were exposed to 2, 4, 8, 16 and 32×10(-3)g/ml of CaC2 in diet for 24h. The results reveal that the dose 2×10(-3)g/ml was not toxic but the remaining doses showed a dose dependent significant increase in the hsp70 expression, β-galactosidase activity, tissue damage, oxidative stress markers (lipid peroxidation and protein ca",Chemosphere,"Mohd Danish, Ambreen Fatima, Saba Khanam, Smita Jyoti,  Rahul, Fahad Ali, Falaq Naz, Yasir Hasan Siddique"," Drosophila Transgenic Laboratory, Section of Genetics, Department of Zoology, Faculty of Life Sciences, Aligarh Muslim University, Aligarh, Uttar Pradesh, India. Drosophila Transgenic Laboratory, Section of Genetics, Department of Zoology, Faculty of Life Sciences, Aligarh Muslim University, Aligarh, Uttar Pradesh, India. Drosophila Transgenic Laboratory, Section of Genetics, Department of Zoology, Faculty of Life Sciences, Aligarh Muslim University, Aligarh, Uttar Pradesh, India. Drosophila Transgenic Lab",2015 Nov;139(?):469-78,10.1016/j.chemosphere.2015.07.077
26398266,20151102,article,mesh,"Acetylene,Adenine,DNA,DNA Damage,DNA Repair,Electron Transport,Electrons,Nucleotides,Photosensitizing Agents,Thiophenes,Thymine","analogs &amp; derivatives,chemical synthesis,chemistry,metabolism","D013876 Q000737 NY,D000114 Q000737 NN,D004247 Q000378 NN,D017319 Q000737 NY,D000225 Q000737 NY,D009711 Q000737 NY,D004247 Q000737 NY,D013941 Q000737 NY,D009711 Q000378 NN,D000114 Q000031 NY,D004247 Q000138 NN","190,1135,6326,10390,44135672",NULL,Dynamics of Excess-Electron Transfer through Alternating Adenine:Thymine Sequences in DNA.,"This paper presents the results of an investigation into the sequence-dependent excess-electron transfer (EET) dynamics in DNA, which plays an important role in DNA damage/repair. There are many published studies on EET in consecutive adenine:thymine (A:T) sequences (Tn), but those in alternating A:T sequences (ATn) remain limited. Here, two series of functionalized DNA oligomers, Tn and ATn, were synthesized with a strongly electron-donating photosensitizer, a trimer of ethylenedioxythiophene (3 E), and an","Chemistry (Weinheim an der Bergstrasse, Germany)","Shih-Hsun Lin, Mamoru Fujitsuka, Tetsuro Majima"," The Institute of Scientific and Industrial Research (SANKEN), Osaka University, Mihogaoka 8-1, Ibaraki, Osaka 567-0047 (Japan), Fax: (+81) 6-6879-8499. The Institute of Scientific and Industrial Research (SANKEN), Osaka University, Mihogaoka 8-1, Ibaraki, Osaka 567-0047 (Japan), Fax: (+81) 6-6879-8499. fuji@sanken.osaka-u.ac.jp. The Institute of Scientific and Industrial Research (SANKEN), Osaka University, Mihogaoka 8-1, Ibaraki, Osaka 567-0047 (Japan), Fax: (+81) 6-6879-8499. majima@sanken.osaka-u.ac.jp.",2015 Nov;21(45):16190-4,10.1002/chem.201503115
26457345,20151201,article,NULL,NULL,NULL,NULL,NULL,NULL,Cyclic (Amino)(aryl)carbenes (CAArCs) as Strong σ-Donating and π-Accepting Ligands for Transition Metals.,"Cyclic (amino)(aryl)carbenes (CAArCs) result from the replacement of the alkyl substituent of cyclic (alkyl)(amino) carbenes (CAACs) by an aryl group. This structural modification leads to enhanced electrophilicity of the carbene center with retention of the high nucleophilicity of CAACs, and therefore CAArCs feature a small singlet-triplet gap. The isoindolium precursors are readily prepared in good yields, and deprotonation at low temperature, in the presence of [RhCl(cod)]2 and [(Me2S)AuCl] lead to air-s",Angewandte Chemie (International ed. in English),"Bin Rao, Huarong Tang, Xiaoming Zeng, Liu Liu, Mohand Melaimi, Guy Bertrand"," Frontier Institute of Science and Technology, Xi'an Jiaotong University, Xi'an, Shaanxi, 710054 (P.R. China). Frontier Institute of Science and Technology, Xi'an Jiaotong University, Xi'an, Shaanxi, 710054 (P.R. China). Frontier Institute of Science and Technology, Xi'an Jiaotong University, Xi'an, Shaanxi, 710054 (P.R. China). zengxiaoming@mail.xjtu.edu.cn. State Key Laboratory of Elemento-organic Chemistry, Nankai University, Tianjin 300071 (P.R. China). zengxiaoming@mail.xjtu.edu.cn. UCSD-CNRS Joint Res",2015 Dec;54(49):14915-9,10.1002/anie.201507844
26690791,20160318,article,NULL,NULL,NULL,NULL,NULL,NULL,Indole Synthesis through Sequential Electrophilic N-H and C-H Bond Activation Using Iodine(III) Reactivity.,"An intramolecular approach towards the regioselective construction of 2,3-diarylated indoles is reported. The reaction follows an intramolecular electrophilic N-H and C-H bond functionalization between the aniline and acetylene. This methodology employs the concept of a traceless tether to provide access to the free 2,3-diarylated indole products comprising a total of 18 examples. Hypervalent iodine reagents were identified as suitable promoters and four different protocols are provided, including stoichiom","Chemistry (Weinheim an der Bergstrasse, Germany)","Laura Fra, Kilian Muñiz"," Institute of Chemical Research of Catalonia (ICIQ), The Barcelona Institute of Science and Technology, Av. Països Catalans 16, 43007, Tarragona, Spain. Institute of Chemical Research of Catalonia (ICIQ), The Barcelona Institute of Science and Technology, Av. Països Catalans 16, 43007, Tarragona, Spain. kmuniz@iciq.es. Catalan Institution for Research and Advanced Studies (ICREA), Pg. Lluís Companys 23, 08010, Barcelona, Spain. kmuniz@iciq.es.",2016 Mar;22(13):4351-4,10.1002/chem.201504974
26870873,20160224,article,NULL,NULL,NULL,NULL,NULL,NULL,Copper-Catalyzed Oxy-Alkynylation of Diazo Compounds with Hypervalent Iodine Reagents.,"Alkynes have found widespread applications in synthetic chemistry, biology, and materials sciences. In recent years, methods based on electrophilic alkynylation with hypervalent iodine reagents have made acetylene synthesis more flexible and efficient, but they lead to the formation of one equivalent of an iodoarene as side-product. Herein, a more efficient strategy involving a copper-catalyzed oxy-alkynylation of diazo compounds with ethynylbenziodoxol(on)e (EBX) reagents is described, which proceeds with ",Journal of the American Chemical Society,"Durga Prasad Hari, Jerome Waser"," Laboratory of Catalysis and Organic Synthesis, Ecole Polytechnique Fédérale de Lausanne, EPFL SB ISIC LCSO , BCH 4306, 1015 Lausanne, Switzerland. Laboratory of Catalysis and Organic Synthesis, Ecole Polytechnique Fédérale de Lausanne, EPFL SB ISIC LCSO , BCH 4306, 1015 Lausanne, Switzerland.",2016 Feb;138(7):2190-3,10.1021/jacs.6b00278
28399817,20170101,article,mesh,"Adolescent,Adult,Antitubercular Agents,Copper,Cote d'Ivoire,Female,Humans,Isoniazid,Male,Middle Aged,Oxidative Stress,Prevalence,Rifampin,Tuberculosis,Tuberculosis, Multidrug-Resistant,Tuberculosis, Pulmonary,Victoria,Young Adult,Zinc","blood,drug therapy,therapeutic use","D003300 Q000097 NY,D018088 Q000188 NN,D000995 Q000627 NN,D015032 Q000097 NY,D018088 Q000097 NY,D012293 Q000627 NN,D007538 Q000627 NN,D014397 Q000188 NN,D014376 Q000188 NN,D014397 Q000097 NY","3767,23978,23994,5355297,5359363,5381226,5388984,5458213,5479610,5702112,6243627,6842115,6913622,16043998,24871024,25141428,42626467,45356263,56947149,57020413,57419136,66584054,87059079,98042559,101476308,118725302,122172997,131632417,131839595,134693938",NULL,"Assessments of serum copper and zinc concentration, and the Cu/Zn ratio determination in patients with multidrug resistant pulmonary tuberculosis (MDR-TB) in Côte d'Ivoire.","In Côte d'Ivoire, multidrug-resistant tuberculosis (MDR-TB) is a serious public health problem with a prevalence estimated at 2.5% in 2006. Zinc and copper are essential Trace element needed to strengthen the immune system and also useful in the fight against tuberculosis. The Cu / Zn ratio is a good indicator of oxidative stress. The principal aim of this study was to evaluate the serum concentration of some trace element and determine the Cu / Zn ratio in patients with multidrug resistant pulmonary tuberc",BMC infectious diseases,"Gnogbo Alexis Bahi, Lydie Boyvin, Souleymane Méité, Gervais Melaine M'Boh, Kadjowely Yeo, Kouassi Raymond N'Guessan, Alain Dit Philippe Bidié, Allico Joseph Djaman"," Department of clinical and Fondamental Biochemistry, Pasteur Institute of Cote d'Ivoire (IPCI), 01 BP 490, Abidjan, 01, Côte d'Ivoire. Pharmacodynamics Laboratory of Biochemical, University FélixHouphouët- Boigny (UFHB), Abidjan 01 BP V34, Abidjan, 01, Côte d'Ivoire. Department of clinical and Fondamental Biochemistry, Pasteur Institute of Cote d'Ivoire (IPCI), 01 BP 490, Abidjan, 01, Côte d'Ivoire. Department of clinical and Fondamental Biochemistry, Pasteur Institute of Cote d'Ivoire (IPCI), 01 BP 490, A",2017 Jan;17(1):257,10.1186/s12879-017-2343-7
28439935,20170901,article,mesh,"Abdominal Pain,Animals,Animals, Newborn,Brain-Derived Neurotrophic Factor,Epigenesis, Genetic,Gene Expression Regulation,Hyperalgesia,Inflammation,Male,Rats,Rats, Sprague-Dawley,Spinal Cord,Trinitrobenzenesulfonic Acid,Visceral Pain","biosynthesis,chemically induced,drug effects,etiology,metabolism,physiology,toxicity","D007249 Q000378 NN,D014302 Q000633 NN,D019208 Q000096 NY,D005786 Q000502 NY,D006930 Q000378 NY,D007249 Q000139 NN,D015746 Q000378 NN,D059265 Q000209 NN,D013116 Q000378 NN,D059265 Q000378 NY,D005786 Q000187 NN,D015746 Q000209 NN","11045,115142",NULL,Neonatal immune challenge followed by adult immune challenge induces epigenetic-susceptibility to aggravated visceral hypersensitivity.,"BACKGROUND: Abdominal pain is one of the major symptoms of inflammatory Bowel Disease (IBD). The inflammatory mediators released by colon inflammation are known to sensitize the afferent neurons, which is one of the contributors to abdominal pain. However, not all IBD patients have abdominal pain, and some patients report abdominal pain during remission, suggesting contributions of other pathological factors to abdominal pain in IBD. Epidemiological studies found early-life gastrointestinal infections a ris",Neurogastroenterology and motility : the official journal of the European Gastrointestinal Motility Society,"J E Aguirre, J H Winston, S K Sarna"," Division of Gastroenterology, Department of Internal Medicine, Enteric Neuromuscular Disorders and Visceral Pain Center, The University of Texas Medical Branch, Galveston, TX, USA. Division of Gastroenterology, Department of Internal Medicine, Enteric Neuromuscular Disorders and Visceral Pain Center, The University of Texas Medical Branch, Galveston, TX, USA. Division of Gastroenterology, Department of Internal Medicine, Enteric Neuromuscular Disorders and Visceral Pain Center, The University of Texas Medi",2017 Sep;29(9):?,10.1111/nmo.13081
29480314,20180821,article,NULL,NULL,NULL,NULL,NULL,NULL,Platinum(iv) azido complexes undergo copper-free click reactions with alkynes.,"We report our investigations into the first examples of copper-free 1,3-dipolar cycloaddition (click) reactions of electrophiles with a PtIV azido complex. The Pt-IV azido complex trans, trans, trans-[PtIV(py)2(N3)2(OH)2] (1) was reactive towards dimethyl acetylenedicarboxylate (DMAD) (2), diethyl acetylenedicarboxylate DEACD (3), N-[(1R,8S,9s)-bicyclo[6.1.0]non-4-yn-9-ylmethyloxycarbonyl]-1,8-diamino-3,6-dioxaoctane (BCN) (11) and dibenzocyclooctyne-amine (DBCO) (12) resulting in formation of the correspon","Dalton transactions (Cambridge, England : 2003)","Nicola J Farrer, Gitanjali Sharma, Rachel Sayers, Evyenia Shaili, Peter J Sadler"," Chemistry Research Laboratory, University of Oxford, 12 Mansfield Road, Oxford, OX1 3TA, UK. Nicola.Farrer@chem.ox.ac.uk.",2018 Aug;47(31):10553-10560,10.1039/c7dt04183g
29614747,20180401,article,NULL,NULL,NULL,NULL,NULL,NULL,Low Dose Carbon Black Nanoparticle Exposure Does Not Aggravate Allergic Airway Inflammation in Mice Irrespective of the Presence of Surface Polycyclic Aromatic Hydrocarbons.,"Exposure to exogenous noxae, such as particulate matter, can trigger acute aggravations of allergic asthma-a chronic inflammatory airway disease. We tested whether Carbon Black nanoparticles (CBNP) with or without surface polycyclic aromatic hydrocarbons (PAH) aggravate an established allergic airway inflammation in mice. In an ovalbumin mouse model, Printex(®)90 (P90), P90 coated with benzo[a]pyrene (P90-BaP) or 9-nitroanthracene (P90-9NA), or acetylene soot exhibiting a mixture of surface PAH (AS-PAH) was","Nanomaterials (Basel, Switzerland)","Karina Lindner, Sina Webering, Michael Stroebele, Henning Bockhorn, Tanja Hansen, Peter König, Heinz Fehrenbach"," Institut für Anatomie, Zentrum für medizinische Struktur- und Zellbiologie, Universität zu Lübeck (UzL), Airway Research Center North (ARCN), Member of the German Center for Lung Research (DZL), 23562 Lübeck, Germany. lindner@anat.uni-luebeck.de. Forschungszentrum Borstel, Leibniz Lungen-Zentrum, Experimentelle Pneumologie, Airway Research Center North (ARCN), Member of the German Center for Lung Research (DZL), 23845 Borstel, Germany. swebering@fz-borstel.de. Karlsruher Institut für Technologie, Engler-Bu",2018 Apr;8(4):?,10.3390/nano8040213
29668261,20180515,article,NULL,NULL,NULL,NULL,NULL,NULL,Acetylenes in the Superbase-Promoted Assembly of Carbocycles and Heterocycles.,"In this Account, we briefly discuss the recently discovered and rapidly developing superbase-promoted self-organization reactions of several equivalents of acetylenes and ketones to afford complex compounds that represent promising synthetic building blocks common in natural products. Notably, acetylenes play a special role in these reactions because of their dual (acting as an electrophile and a nucleophile) and flexible reactivity. These unique properties of acetylenes are elegantly expressed in superbasi",Accounts of chemical research,"Boris A Trofimov, Elena Yu Schmidt"," A. E. Favorsky Irkutsk Institute of Chemistry, Siberian Branch, Russian Academy of Sciences , Irkutsk 664033 , Russia. A. E. Favorsky Irkutsk Institute of Chemistry, Siberian Branch, Russian Academy of Sciences , Irkutsk 664033 , Russia.",2018 May;51(5):1117-1130,10.1021/acs.accounts.7b00618
30037220,20180921,article,NULL,NULL,NULL,NULL,NULL,NULL,Gold(I)-Catalyzed Intramolecular Diels-Alder Reaction: Evolution of Trappable Intermediates via Asynchronous Transition States.,"In recent years allenes have been shown to be capable of exhibiting several modes of cycloadditions in the presence of transition metal catalysts that are otherwise unattainable for ethylene and acetylene. Herein, we predict that the [1 + 2]-cycloaddition pathway is accessible in a Au(I)-catalyzed reaction of allene with cis-1,3-butadiene. The electrophilicity of the central carbon of allene can be harnessed using a Au(I)-catalyst and -COOMe mediated stereoelectronics. A potential energy modification approa",The Journal of organic chemistry,"Nilangshu Mandal, Ayan Datta"," Department of Spectroscopy , Indian Association for the Cultivation of Science , 2A and 2B Raja S.C. Mallick Road , Kolkata - 700032 , India. Department of Spectroscopy , Indian Association for the Cultivation of Science , 2A and 2B Raja S.C. Mallick Road , Kolkata - 700032 , India.",2018 Sep;83(18):11167-11177,10.1021/acs.joc.8b01752
30112778,20181107,article,NULL,NULL,NULL,NULL,NULL,NULL,The Use of Calcium Carbide as Acetylene Source in a Three-Component Coupling with ω-Chlorinated Ketones and Primary Amines.,"Calcium carbide was used in a Cu(I) -catalysed three-component coupling with ω-chlorinated ketones and primary amines to generate terminal 2-alkynyl-N-heterocycles. The formation of an imine and the subsequent intramolecular substitution results in an active electrophilic iminium species, which can be alkynylated by in situ formed copper acetylide. A number of aliphatic primary (functionalised) amines and aliphatic or aromatic alkynes together with different alkyl- or aryl-substituted γ- or δ-chloroketones ","Chemistry (Weinheim an der Bergstrasse, Germany)","Wim E Van Beek, Karthik Gadde, Kourosch Abbaspour Tehrani"," Research Group Organic Synthesis, Department of Chemistry, University of Antwerp, Groenenborgerlaan 171, 2020, Antwerp, Belgium. Research Group Organic Synthesis, Department of Chemistry, University of Antwerp, Groenenborgerlaan 171, 2020, Antwerp, Belgium. Research Group Organic Synthesis, Department of Chemistry, University of Antwerp, Groenenborgerlaan 171, 2020, Antwerp, Belgium.",2018 Nov;24(62):16645-16651,10.1002/chem.201803669
30221264,20181002,article,NULL,NULL,NULL,NULL,NULL,NULL,"Synthesis of a (N,C,C) Au(iii) pincer complex via C(sp(3))-H bond activation: increasing catalyst robustness by rational catalyst design.","A (N,CAr,CAlk) Au(iii) pincer complex has been synthesized from Au(OAc)3 (OAc = OCOCH3) and 2-(3,5-di-tert-butylphenyl)pyridine (L1) involving a Csp3-H bond activation by electrophilic substitution. In agreement with DFT calculations, the resulting complex significantly improves the performance of Au(tpy)(OAcF)2 (tpy = 2-(p-tolyl)pyridine, OAcF = OCOCF3) in the catalytic trifluoroacetylation of acetylene. ","Chemical communications (Cambridge, England)","Marte Sofie Martinsen Holmsen, Ainara Nova, Knut Hylland, David S Wragg, Sigurd Øien-Ødegaard, Richard H Heyn, Mats Tilset"," Department of Chemistry, University of Oslo, P. O. Box 1033 Blindern, N-0315 Oslo, Norway. mats.tilset@kjemi.uio.no.",2018 Oct;54(79):11104-11107,10.1039/c8cc05489d
